Date,Temp_Anomaly_°C,CO2_in_ppm,Precip_in_mm,Nino34_in_°C,Volcanic_Global,TSI_Wm2
1958-03-01,0.09,314.44,53.27886,0.99,0.0003,1361.8557
1958-04-01,0.01,315.16,54.33253,0.31,0.0,1362.2704
1958-05-01,0.06,314.69,55.99922,0.32,0.0003,1362.5632
1958-06-01,-0.08,315.15,61.682705,0.3,0.0003,1362.5243
1958-07-01,0.05,315.2,75.32862,0.04,0.0,1362.0953
1958-08-01,-0.05,316.21,76.071335,0.24,0.0002,1362.4133
1958-09-01,-0.02,316.11,66.288895,-0.31,0.0002,1362.3784
1958-10-01,0.04,315.41,59.63466,-0.03,0.0,1362.6594
1958-11-01,0.02,315.21,52.91635,0.05,0.0002,1362.6675
1958-12-01,0.01,315.43,57.8109,0.3,0.0002,1362.1056
1959-01-01,0.08,315.52,58.68004,0.43,0.0,1361.8129
1959-02-01,0.07,315.84,51.379402,0.5,0.0002,1362.6514
1959-03-01,0.18,315.37,57.69603,0.26,0.0002,1361.9777
1959-04-01,0.16,315.42,55.005527,0.27,0.0,1362.3389
1959-05-01,0.04,315.46,57.75117,-0.01,0.0002,1362.1609
1959-06-01,0.03,316.0,64.157936,-0.33,0.0002,1362.096
1959-07-01,0.03,315.87,76.70495,-0.28,0.0,1362.1787
1959-08-01,-0.01,316.09,77.13775,-0.41,0.0002,1361.8456
1959-09-01,-0.06,316.75,68.893105,-0.53,0.0002,1362.2888
1959-10-01,-0.07,316.34,61.235374,0.11,0.0,1362.2427
1959-11-01,-0.08,316.69,55.383156,-0.17,0.0002,1361.8425
1959-12-01,0.0,316.35,56.322723,-0.05,0.0002,1361.776
1960-01-01,0.0,316.38,57.36336,0.02,0.0,1361.96
1960-02-01,0.13,316.33,55.69944,-0.24,0.0002,1362.1581
1960-03-01,-0.35,316.27,57.03735,-0.08,0.0002,1362.0981
1960-04-01,-0.15,316.7,51.892113,0.01,0.0,1361.8293
1960-05-01,-0.08,317.19,56.63498,0.05,0.0015,1361.8043
1960-06-01,-0.04,317.45,64.37699,-0.2,0.0034999999999999996,1362.118
1960-07-01,-0.04,317.54,78.30461,-0.25,0.0,1361.8435
1960-08-01,0.02,317.22,75.602,-0.0,0.00635,1361.7975
1960-09-01,0.07,317.1,67.094734,0.03,0.0084,1362.1191
1960-10-01,0.06,316.85,60.616817,-0.07,0.0,1361.9889
1960-11-01,-0.11,316.89,55.35215,-0.38,0.0084,1361.7393
1960-12-01,0.19,316.96,56.844234,0.02,0.0084,1361.8734
1961-01-01,0.07,316.84,56.14833,-0.15,0.0,1361.7827
1961-02-01,0.19,317.05,52.84052,0.04,0.008199999999999999,1361.7361
1961-03-01,0.09,317.25,55.976612,-0.1,0.0115,1361.5942
1961-04-01,0.13,317.16,56.206566,0.13,0.0,1361.5234
1961-05-01,0.12,317.73,55.84871,-0.01,0.0126,1361.581
1961-06-01,0.12,317.61,65.09,0.1,0.0114,1361.4086
1961-07-01,0.01,317.89,78.54532,-0.32,0.0,1361.3933
1961-08-01,0.01,318.09,75.86326,-0.25,0.01055,1361.684
1961-09-01,0.08,317.92,69.104195,-0.52,0.0118,1361.4077
1961-10-01,0.0,318.34,61.421223,-0.71,0.0,1361.6146
1961-11-01,0.03,318.0,60.37396,-0.19,0.0116,1361.5118
1961-12-01,-0.16,317.78,58.3579,-0.29,0.01075,1361.4519
1962-01-01,0.05,317.89,61.407307,-0.25,0.0,1361.3217
1962-02-01,0.15,317.89,49.567837,-0.16,0.00925,1361.306
1962-03-01,0.1,318.39,54.687294,-0.41,0.0138,1361.4727
1962-04-01,0.05,318.24,54.097797,-0.32,0.0,1361.4404
1962-05-01,-0.06,318.16,58.218597,-0.42,0.0151,1361.3961
1962-06-01,0.03,318.45,66.76283,-0.22,0.013649999999999999,1361.4811
1962-07-01,0.02,318.94,73.88476,-0.3,0.0,1361.42
1962-08-01,-0.01,318.71,75.21412,-0.13,0.014700000000000001,1361.3688
1962-09-01,0.0,319.18,67.29355,-0.56,0.0147,1361.181
1962-10-01,0.01,318.46,57.462288,-0.33,0.0,1361.3514
1962-11-01,0.06,318.59,54.158375,-0.43,0.0143,1361.3788
1962-12-01,-0.03,318.47,59.261265,-0.49,0.01295,1361.38
1963-01-01,-0.03,318.69,60.394848,-0.32,0.0,1361.3417
1963-02-01,0.18,318.41,54.340763,-0.26,0.012050000000000002,1361.3456
1963-03-01,-0.14,318.57,57.10731,-0.06,0.0123,1361.3553
1963-04-01,-0.07,319.05,54.024807,-0.06,0.0,1361.2782
1963-05-01,-0.06,319.38,57.08381,-0.0,0.0173,1361.2596
1963-06-01,0.05,319.31,63.545994,0.12,0.0404,1361.3296
1963-07-01,0.06,319.07,74.976715,0.72,0.0,1361.3809
1963-08-01,0.22,319.07,75.209724,0.9,0.0539,1361.2981
1963-09-01,0.18,319.16,61.089436,0.65,0.0605,1361.1469
1963-10-01,0.14,319.03,55.137806,0.84,0.0,1361.2758
1963-11-01,0.15,318.98,59.676266,0.75,0.0754,1361.3938
1963-12-01,-0.03,319.13,55.41264,1.05,0.0867,1361.39
1964-01-01,-0.09,319.52,56.27678,0.76,0.0,1361.3055
1964-02-01,-0.1,319.37,51.285378,0.55,0.07719999999999999,1361.2924
1964-03-01,-0.21,319.41,56.6984,-0.16,0.0696,1361.29
1964-04-01,-0.32,319.46,55.655193,-0.53,0.0,1361.3284
1964-05-01,-0.25,319.37,56.68773,-0.74,0.0668,1361.2941
1964-06-01,-0.04,319.73,65.13658,-0.88,0.06835,1361.2861
1964-07-01,-0.04,319.79,75.491196,-0.65,0.0,1361.2771
1964-08-01,-0.22,320.03,76.55313,-0.76,0.07974999999999999,1361.275
1964-09-01,-0.29,319.67,68.50214,-0.93,0.0743,1361.2942
1964-10-01,-0.32,319.93,60.956264,-1.0,0.0,1361.3096
1964-11-01,-0.21,319.59,53.48478,-1.1,0.0695,1361.3038
1964-12-01,-0.3,319.49,57.86248,-1.07,0.06475,1361.3055
1965-01-01,-0.08,319.38,57.0165,-0.57,0.0,1361.3057
1965-02-01,-0.17,319.79,47.860073,-0.36,0.05835,1361.294
1965-03-01,-0.13,319.59,55.140476,-0.34,0.0531,1361.3223
1965-04-01,-0.19,319.79,52.19998,-0.09,0.0,1361.3228
1965-05-01,-0.12,319.28,54.206688,0.19,0.0493,1361.3002
1965-06-01,-0.08,319.68,63.873363,0.45,0.04505,1361.3771
1965-07-01,-0.13,320.53,72.185486,0.81,0.0,1361.376
1965-08-01,-0.04,320.18,71.85886,1.25,0.039,1361.3881
1965-09-01,-0.15,320.78,64.28525,1.26,0.0347,1361.3218
1965-10-01,-0.05,320.37,58.75514,1.61,0.0,1361.3284
1965-11-01,-0.06,320.79,54.284,1.54,0.0325,1361.3242
1965-12-01,-0.08,320.2,57.793945,1.45,0.0319,1361.3136
1966-01-01,-0.19,320.57,57.559566,1.13,0.0,1361.337
1966-02-01,-0.04,320.94,54.971603,0.83,0.0317,1361.407
1966-03-01,0.03,321.08,56.565914,0.83,0.0288,1361.3395
1966-04-01,-0.13,321.34,52.731815,0.54,0.0,1361.3464
1966-05-01,-0.12,321.18,57.555847,-0.06,0.0269,1361.5814
1966-06-01,0.01,321.55,67.52303,0.14,0.024399999999999998,1361.6274
1966-07-01,0.08,321.69,73.98371,0.23,0.0,1361.5747
1966-08-01,-0.09,321.68,75.273544,-0.1,0.0213,1361.6624
1966-09-01,-0.03,321.61,62.377403,-0.05,0.0191,1361.5258
1966-10-01,-0.17,321.18,63.47826,-0.05,0.0,1361.6444
1966-11-01,-0.01,321.71,57.957104,-0.37,0.0177,1361.6288
1966-12-01,-0.03,321.81,59.2397,-0.26,0.01575,1361.6349
1967-01-01,-0.08,322.28,58.328503,-0.55,0.0,1361.4661
1967-02-01,-0.21,321.83,54.29626,-0.56,0.01335,1361.6979
1967-03-01,0.05,321.72,57.31481,-0.47,0.0118,1361.6385
1967-04-01,-0.05,322.05,54.290043,-0.53,0.0,1362.0503
1967-05-01,0.12,322.09,58.36777,-0.24,0.0108,1361.6189
1967-06-01,-0.08,321.89,64.02489,-0.12,0.0119,1361.7866
1967-07-01,0.02,321.86,72.57875,-0.1,0.0,1361.5917
1967-08-01,0.01,322.24,74.25414,-0.31,0.015050000000000001,1361.6663
1967-09-01,-0.06,322.24,63.618748,-0.59,0.0176,1362.0507
1967-10-01,0.09,322.48,59.529182,-0.38,0.0,1361.9154
1967-11-01,-0.05,322.66,57.76715,-0.34,0.0192,1361.7352
1967-12-01,-0.05,322.74,57.299076,-0.35,0.017,1361.6265
1968-01-01,-0.26,322.51,57.838852,-0.6,0.0,1361.6825
1968-02-01,-0.14,322.48,53.374718,-0.74,0.0144,1361.9904
1968-03-01,0.2,322.55,58.115936,-0.76,0.0127,1362.0809
1968-04-01,-0.06,322.63,54.32684,-0.47,0.0,1361.9121
1968-05-01,-0.14,322.66,57.39053,-0.44,0.0117,1361.6276
1968-06-01,-0.09,323.17,66.52888,0.19,0.01755,1361.566
1968-07-01,-0.13,323.48,75.345825,0.31,0.0,1361.7847
1968-08-01,-0.09,323.46,71.286736,0.33,0.0309,1361.7094
1968-09-01,-0.19,323.33,63.99344,0.05,0.0409,1361.8163
1968-10-01,0.09,323.34,57.467083,0.32,0.0,1361.8217
1968-11-01,-0.05,323.26,55.133347,0.76,0.0475,1361.8479
1968-12-01,-0.15,323.68,59.116596,0.76,0.045200000000000004,1361.6589
1969-01-01,-0.11,323.95,56.57384,0.9,0.0,1361.7872
1969-02-01,-0.18,323.75,50.907867,1.02,0.04215,1361.9324
1969-03-01,0.01,324.31,55.73386,0.61,0.0398,1361.7576
1969-04-01,0.17,324.28,55.115086,0.33,0.0,1361.9167
1969-05-01,0.18,324.46,57.518894,0.39,0.0383,1361.9492
1969-06-01,0.03,324.49,63.256813,0.26,0.0359,1361.7538
1969-07-01,-0.04,325.19,75.06262,0.1,0.0,1361.976
1969-08-01,0.03,324.99,74.85875,0.52,0.032799999999999996,1361.9036
1969-09-01,0.08,325.38,64.269325,0.47,0.0306,1362.0052
1969-10-01,0.09,324.89,59.552513,0.66,0.0,1361.6981
1969-11-01,0.12,324.8,57.050625,0.75,0.029,1361.7501
1969-12-01,0.24,324.91,57.044453,0.68,0.0267,1361.8771
1970-01-01,0.08,325.01,56.293022,0.55,0.0,1361.801
1970-02-01,0.22,325.31,49.227524,0.36,0.02355,1361.6753
1970-03-01,0.06,325.61,54.836296,0.26,0.0212,1362.0779
1970-04-01,0.05,325.75,54.167294,0.18,0.0,1361.8578
1970-05-01,-0.03,325.15,59.03858,0.01,0.0197,1361.7317
1970-06-01,-0.03,325.44,64.42009,-0.3,0.01745,1361.9685
1970-07-01,0.01,325.65,75.06314,-0.98,0.0,1361.8042
1970-08-01,-0.1,326.02,77.33562,-0.95,0.0148,1361.9215
1970-09-01,0.12,326.11,71.870674,-0.78,0.013,1361.8002
1970-10-01,0.03,326.18,61.5833,-0.65,0.0,1361.8386
1970-11-01,0.02,325.96,55.0411,-0.85,0.012,1361.8328
1970-12-01,-0.12,325.93,56.44533,-1.11,0.01065,1361.8816
1971-01-01,-0.02,326.12,57.787254,-1.47,0.0,1361.6272
1971-02-01,-0.15,326.01,53.405365,-1.28,0.009000000000000001,1361.6896
1971-03-01,-0.18,325.85,55.266697,-1.29,0.0079,1361.7468
1971-04-01,-0.07,325.39,52.245132,-0.97,0.0,1361.5632
1971-05-01,-0.05,325.99,57.718185,-0.82,0.0073,1361.5775
1971-06-01,-0.16,326.34,68.07847,-0.78,0.00645,1361.6584
1971-07-01,-0.08,326.67,74.691246,-0.64,0.0,1361.4293
1971-08-01,-0.01,326.77,75.51223,-0.65,0.0055,1361.4008
1971-09-01,-0.06,326.38,65.19427,-0.75,0.0058,1361.6577
1971-10-01,-0.04,326.69,63.078396,-0.78,0.0,1361.3588
1971-11-01,-0.07,326.75,57.506367,-0.85,0.0054,1361.4739
1971-12-01,-0.08,326.81,56.02244,-0.89,0.00475,1361.5361
1972-01-01,-0.22,326.71,58.848965,-0.58,0.0,1361.7437
1972-02-01,-0.18,326.96,52.299614,-0.22,0.00405,1361.54
1972-03-01,0.02,326.39,57.192757,-0.25,0.0036,1361.6204
1972-04-01,0.0,327.3,54.589794,0.21,0.0,1361.8308
1972-05-01,-0.03,327.12,58.17844,0.33,0.0033,1361.5281
1972-06-01,0.04,326.87,61.43869,0.66,0.003,1361.6233
1972-07-01,0.01,327.38,70.10132,0.83,0.0,1361.808
1972-08-01,0.16,327.69,69.5517,1.3,0.0036,1361.7053
1972-09-01,0.02,327.88,61.92521,1.19,0.0042,1361.7495
1972-10-01,0.08,328.33,59.127983,1.77,0.0,1361.4884
1972-11-01,0.02,328.46,57.003082,1.87,0.0045,1361.6082
1972-12-01,0.18,328.35,54.660652,2.19,0.0051,1361.4517
1973-01-01,0.29,328.49,55.91286,1.6,0.0,1361.5281
1973-02-01,0.32,328.89,51.63101,1.08,0.005900000000000001,1361.4995
1973-03-01,0.29,328.97,56.819965,0.58,0.0065,1361.3502
1973-04-01,0.27,329.1,58.868404,-0.07,0.0,1361.3999
1973-05-01,0.23,329.52,60.19355,-0.56,0.0068,1361.531
1973-06-01,0.19,329.83,67.842926,-0.86,0.0074,1361.4863
1973-07-01,0.12,330.18,76.365425,-1.14,0.0,1361.4484
1973-08-01,0.05,330.66,77.82769,-1.21,0.008199999999999999,1361.4093
1973-09-01,0.09,330.56,71.00138,-1.4,0.0087,1361.2368
1973-10-01,0.1,330.33,64.30802,-1.58,0.0,1361.4066
1973-11-01,0.04,330.13,60.23421,-2.07,0.0091,1361.3606
1973-12-01,-0.07,329.45,61.031116,-2.18,0.0097,1361.3307
1974-01-01,-0.1,329.3,64.48202,-2.02,0.0,1361.3252
1974-02-01,-0.27,330.03,56.511154,-1.5,0.010499999999999999,1361.3242
1974-03-01,-0.05,330.15,59.089878,-1.44,0.011,1361.371
1974-04-01,-0.11,330.24,58.41277,-1.0,0.0,1361.2853
1974-05-01,-0.04,330.22,58.160877,-0.79,0.0114,1361.423
1974-06-01,-0.05,329.79,63.2235,-0.7,0.012,1361.448
1974-07-01,-0.03,330.21,77.192375,-0.65,0.0,1361.2273
1974-08-01,0.1,330.54,74.04402,-0.32,0.012799999999999999,1361.3646
1974-09-01,-0.08,330.44,67.03864,-0.35,0.0133,1361.2642
1974-10-01,-0.06,330.53,63.879116,-0.75,0.0,1361.2915
1974-11-01,-0.08,330.5,53.46274,-0.96,0.0137,1361.4236
1974-12-01,-0.08,330.55,57.0936,-0.86,0.01625,1361.3254
1975-01-01,0.1,330.84,57.458595,-0.37,0.0,1361.2854
1975-02-01,0.08,330.85,54.309998,-0.33,0.02495,1361.2616
1975-03-01,0.12,330.37,58.59526,-0.59,0.0314,1361.2625
1975-04-01,0.04,330.53,55.895573,-0.59,0.0,1361.2815
1975-05-01,0.16,330.98,57.76424,-1.0,0.0358,1361.2869
1975-06-01,-0.01,331.01,66.64899,-1.25,0.0385,1361.2657
1975-07-01,-0.01,331.12,76.83705,-1.24,0.0,1361.2236
1975-08-01,-0.17,331.33,76.81475,-1.16,0.03265,1361.1487
1975-09-01,-0.02,331.6,71.38552,-1.44,0.0288,1361.448
1975-10-01,-0.11,331.61,62.502415,-1.47,0.0,1361.3324
1975-11-01,-0.17,331.57,56.532646,-1.46,0.0265,1361.2452
1975-12-01,-0.17,331.74,60.46818,-1.64,0.0234,1361.298
1976-01-01,-0.03,331.67,60.642883,-1.8,0.0,1361.2709
1976-02-01,-0.06,332.14,58.71423,-1.05,0.019799999999999998,1361.265
1976-03-01,-0.22,331.79,58.669006,-0.68,0.0175,1361.1595
1976-04-01,-0.07,332.16,54.16236,-0.42,0.0,1361.2051
1976-05-01,-0.21,331.75,58.532806,-0.49,0.0161,1361.3026
1976-06-01,-0.12,331.56,62.946815,0.0,0.0142,1361.2734
1976-07-01,-0.1,332.23,69.54321,0.15,0.0,1361.2355
1976-08-01,-0.12,332.07,68.96868,0.31,0.0121,1361.2334
1976-09-01,-0.07,332.07,60.281662,0.57,0.0106,1361.2908
1976-10-01,-0.24,331.98,63.862583,0.86,0.0,1361.3384
1976-11-01,-0.06,332.35,53.93403,0.88,0.0098,1361.2686
1976-12-01,0.11,332.59,54.382107,0.64,0.00865,1361.2306
1977-01-01,0.18,332.77,56.75597,0.84,0.0,1361.2944
1977-02-01,0.23,332.58,54.179207,0.55,0.0074,1361.3986
1977-03-01,0.24,333.4,55.844913,0.4,0.0065,1361.37
1977-04-01,0.26,333.54,56.790955,-0.25,0.0,1361.3494
1977-05-01,0.33,334.0,59.065662,-0.03,0.006,1361.4407
1977-06-01,0.27,333.79,66.7548,0.36,0.0053,1361.2842
1977-07-01,0.2,334.01,74.32296,0.45,0.0,1361.4373
1977-08-01,0.18,333.91,71.80931,0.25,0.0045000000000000005,1361.4773
1977-09-01,0.02,334.36,66.66583,0.44,0.004,1361.2451
1977-10-01,0.03,334.51,59.788918,0.89,0.0,1361.47
1977-11-01,0.16,334.68,58.704994,1.03,0.0037,1361.7826
1977-12-01,0.03,334.58,58.44279,1.09,0.00325,1361.592
1978-01-01,0.06,335.01,58.20003,0.72,0.0,1361.7965
1978-02-01,0.1,334.6,48.994724,0.51,0.0028,1361.4407
1978-03-01,0.19,335.0,57.59571,0.06,0.0025,1361.6738
1978-04-01,0.17,335.07,53.925484,-0.37,0.0,1361.6823
1978-05-01,0.09,335.08,60.677994,-0.49,0.0029,1361.8182
1978-06-01,-0.01,335.6,66.35206,-0.45,0.0057,1361.9956
1978-07-01,0.04,335.65,78.111885,-0.48,0.0,1361.9633
1978-08-01,-0.13,335.87,73.95813,-0.62,0.00935,1362.1033
1978-09-01,0.06,335.51,68.38597,-0.6,0.0121,1361.7832
1978-10-01,0.03,335.72,60.46689,-0.34,0.0,1362.1195
1978-11-01,0.14,335.99,54.93952,-0.15,0.0123,1361.9269
1978-12-01,0.08,335.87,59.480534,0.07,0.0125,1361.4049
1979-01-01,0.09,336.22,60.272427,0.05,0.0,1361.9319
1979-02-01,-0.1,336.0,54.380543,0.09,0.01285,1362.2645
1979-03-01,0.19,336.56,56.84916,0.13,0.0119,1362.7245
1979-04-01,0.15,336.11,53.563698,0.17,0.0,1362.1917
1979-05-01,0.04,336.24,57.651646,-0.09,0.0109,1362.298
1979-06-01,0.14,336.83,65.52934,0.04,0.0097,1361.6838
1979-07-01,0.04,336.69,72.18975,-0.2,0.0,1362.1976
1979-08-01,0.17,337.2,73.40041,0.21,0.0082,1362.0955
1979-09-01,0.25,337.19,65.62406,0.48,0.0072,1362.1509
1979-10-01,0.26,337.57,57.991573,0.32,0.0,1362.1473
1979-11-01,0.28,337.59,58.13107,0.35,0.0067,1361.9227
1979-12-01,0.48,337.83,56.61793,0.69,0.005900000000000001,1362.4775
1980-01-01,0.29,338.13,56.522083,0.55,0.0,1362.4476
1980-02-01,0.39,337.85,53.88772,0.33,0.004999999999999999,1362.1923
1980-03-01,0.29,338.51,53.60777,0.09,0.0044,1362.6199
1980-04-01,0.3,338.31,53.515022,0.2,0.0,1361.8197
1980-05-01,0.35,338.4,57.55896,0.13,0.0041,1361.9757
1980-06-01,0.2,338.85,65.50404,0.37,0.00385,1362.3445
1980-07-01,0.22,338.56,73.12522,0.02,0.0,1362.2699
1980-08-01,0.18,339.07,74.69954,-0.23,0.00465,1362.2822
1980-09-01,0.2,339.38,63.380623,-0.12,0.0051,1362.1666
1980-10-01,0.13,339.4,58.900803,-0.11,0.0,1362.1173
1980-11-01,0.3,339.46,57.273823,0.1,0.0052,1361.6118
1980-12-01,0.22,339.26,56.75319,0.36,0.0053,1362.5387
1981-01-01,0.53,339.42,59.515488,-0.45,0.0,1362.6483
1981-02-01,0.42,339.98,54.04449,-0.45,0.005,1362.1078
1981-03-01,0.48,340.08,56.907715,-0.02,0.0047,1362.2867
1981-04-01,0.32,339.98,54.57061,-0.17,0.0,1362.6357
1981-05-01,0.25,339.97,60.43961,-0.11,0.0045,1362.3014
1981-06-01,0.29,340.06,66.026855,-0.15,0.00465,1362.1619
1981-07-01,0.32,339.92,77.97419,-0.43,0.0,1361.344
1981-08-01,0.35,339.87,71.3311,-0.18,0.0055,1362.6686
1981-09-01,0.15,340.17,64.15183,-0.07,0.0051,1362.3064
1981-10-01,0.12,340.39,62.12366,-0.03,0.0,1361.9688
1981-11-01,0.23,340.75,56.60343,-0.27,0.0051,1362.3232
1981-12-01,0.41,340.85,56.702686,0.07,0.0051,1362.2302
1982-01-01,0.04,341.09,60.165424,-0.04,0.0,1362.4714
1982-02-01,0.15,341.16,53.241188,-0.13,0.0057,1361.3713
1982-03-01,0.03,341.18,59.619766,-0.02,0.0057,1361.3518
1982-04-01,0.15,341.32,56.871933,0.24,0.0,1362.0371
1982-05-01,0.18,341.67,57.56774,0.65,0.0245,1361.9899
1982-06-01,0.05,341.43,60.99118,0.92,0.04805,1361.056
1982-07-01,0.14,341.61,68.88618,0.64,0.0,1361.7031
1982-08-01,0.03,341.64,72.01768,0.93,0.0711,1361.7426
1982-09-01,0.14,341.56,62.332233,1.39,0.0782,1362.0724
1982-10-01,0.13,341.77,57.72318,2.0,0.0,1362.2015
1982-11-01,0.18,341.59,54.77749,2.07,0.0843,1361.8754
1982-12-01,0.42,341.71,56.40766,2.33,0.09395,1361.7615
1983-01-01,0.53,341.75,54.600487,2.43,0.0,1362.0726
1983-02-01,0.43,342.25,47.698414,2.22,0.09495,1361.8119
1983-03-01,0.41,341.85,56.56767,1.69,0.0959,1361.8257
1983-04-01,0.27,342.76,56.2268,1.12,0.0,1361.8279
1983-05-01,0.34,342.97,60.56007,1.12,0.0912,1361.6686
1983-06-01,0.22,343.3,61.76248,0.62,0.08285000000000001,1361.6803
1983-07-01,0.18,343.56,72.64415,-0.11,0.0,1361.8835
1983-08-01,0.35,343.89,71.70714,-0.13,0.0702,1362.0338
1983-09-01,0.37,343.59,66.93187,-0.5,0.0619,1361.8439
1983-10-01,0.17,343.86,61.823334,-1.03,0.0,1361.6484
1983-11-01,0.3,343.92,57.376675,-1.13,0.0569,1361.7467
1983-12-01,0.17,344.12,58.26997,-0.95,0.0505,1361.675
1984-01-01,0.31,344.32,59.19844,-0.8,0.0,1360.9341
1984-02-01,0.14,344.39,53.837376,-0.53,0.04335,1361.181
1984-03-01,0.26,344.26,56.1284,-0.48,0.0383,1361.7621
1984-04-01,0.06,344.75,54.315964,-0.6,0.0,1361.0679
1984-05-01,0.33,344.59,60.604137,-0.64,0.0352,1361.3163
1984-06-01,0.02,344.73,68.92724,-0.9,0.0313,1361.6952
1984-07-01,0.19,345.02,75.65013,-0.4,0.0,1361.7286
1984-08-01,0.19,345.12,72.90384,-0.4,0.0271,1361.5863
1984-09-01,0.21,344.76,66.14271,-0.35,0.0239,1361.5039
1984-10-01,0.13,345.19,61.098064,-0.83,0.0,1361.3954
1984-11-01,0.06,345.41,54.847626,-1.18,0.022,1361.2771
1984-12-01,-0.04,345.88,56.394848,-1.53,0.0195,1361.3617
1985-01-01,0.22,345.59,54.87471,-0.89,0.0,1361.244
1985-02-01,-0.04,345.92,51.7507,-0.91,0.0162,1361.3068
1985-03-01,0.17,346.56,55.063435,-0.96,0.0141,1361.2611
1985-04-01,0.12,346.08,54.089237,-0.98,0.0,1361.1294
1985-05-01,0.14,346.12,56.851418,-0.9,0.0138,1361.2296
1985-06-01,0.15,346.23,63.54812,-0.76,0.0127,1361.291
1985-07-01,0.04,346.08,73.20041,-0.61,0.0,1361.234
1985-08-01,0.16,346.57,75.35792,-0.49,0.01185,1361.3628
1985-09-01,0.13,346.59,66.78735,-0.57,0.0102,1361.2748
1985-10-01,0.11,346.6,60.202076,-0.64,0.0,1361.194
1985-11-01,0.05,346.82,57.872437,-0.43,0.0101,1361.2491
1985-12-01,0.14,347.04,55.066185,-0.4,0.010950000000000001,1361.294
1986-01-01,0.26,346.82,58.135166,-0.79,0.0,1361.2906
1986-02-01,0.37,346.98,50.131996,-0.64,0.015200000000000002,1361.1675
1986-03-01,0.3,346.93,55.35187,-0.51,0.0144,1361.3021
1986-04-01,0.22,347.29,55.86186,-0.41,0.0,1361.2607
1986-05-01,0.21,347.42,55.438797,-0.47,0.0147,1361.3339
1986-06-01,0.12,347.61,64.62277,-0.08,0.0135,1361.265
1986-07-01,0.11,347.43,73.16169,0.16,0.0,1361.2526
1986-08-01,0.16,347.51,69.67418,0.24,0.0134,1361.204
1986-09-01,0.03,348.61,65.32164,0.59,0.0126,1361.2097
1986-10-01,0.15,348.04,62.0117,0.9,0.0,1361.2418
1986-11-01,0.1,348.28,55.65544,1.04,0.0126,1361.325
1986-12-01,0.13,348.36,53.312096,0.98,0.012150000000000001,1361.2795
1987-01-01,0.32,348.66,56.575314,1.19,0.0,1361.2693
1987-02-01,0.43,348.24,49.660942,1.17,0.01145,1361.2632
1987-03-01,0.18,348.39,54.207493,1.24,0.0109,1361.267
1987-04-01,0.24,348.84,49.335976,0.89,0.0,1361.2163
1987-05-01,0.25,349.09,54.987965,0.91,0.0104,1361.345
1987-06-01,0.35,349.29,61.271824,1.24,0.0103,1361.4546
1987-07-01,0.4,349.51,71.643745,1.34,0.0,1361.4686
1987-08-01,0.24,349.65,72.15417,1.48,0.0108,1361.375
1987-09-01,0.35,349.85,62.1066,1.53,0.0104,1361.459
1987-10-01,0.32,349.96,55.489536,1.36,0.0,1361.442
1987-11-01,0.29,350.15,55.725143,1.29,0.0094,1361.5863
1987-12-01,0.46,350.14,57.708443,1.05,0.0089,1361.6024
1988-01-01,0.56,350.49,56.167698,0.69,0.0,1361.6593
1988-02-01,0.44,350.99,53.77475,0.35,0.008650000000000001,1361.7173
1988-03-01,0.51,350.99,58.337704,0.29,0.0078,1361.534
1988-04-01,0.42,351.03,53.877045,-0.49,0.0,1361.6476
1988-05-01,0.44,351.22,57.036697,-1.05,0.0074,1361.9204
1988-06-01,0.4,351.55,65.36569,-1.46,0.0071,1361.5718
1988-07-01,0.33,352.16,77.814835,-1.54,0.0,1361.3488
1988-08-01,0.39,352.01,80.30827,-1.44,0.008799999999999999,1361.71
1988-09-01,0.36,352.18,67.79714,-1.33,0.0069,1361.9706
1988-10-01,0.37,352.62,60.05061,-2.09,0.0,1361.6415
1988-11-01,0.12,352.53,58.068542,-2.18,0.0065,1361.9169
1988-12-01,0.29,352.52,59.94677,-1.98,0.0068,1361.8024
1989-01-01,0.12,352.99,57.42728,-1.95,0.0,1362.0247
1989-02-01,0.3,352.69,50.545685,-1.37,0.0068000000000000005,1362.1587
1989-03-01,0.36,352.6,61.29299,-1.33,0.0062,1361.9265
1989-04-01,0.29,353.07,54.635353,-1.11,0.0,1362.1699
1989-05-01,0.17,352.78,58.93784,-0.8,0.006,1362.3761
1989-06-01,0.15,353.06,66.73556,-0.64,0.0052,1361.824
1989-07-01,0.34,353.38,73.751625,-0.47,0.0,1362.7047
1989-08-01,0.33,353.43,74.35543,-0.58,0.0075,1362.05
1989-09-01,0.34,353.37,65.51669,-0.38,0.0062,1361.7678
1989-10-01,0.29,353.57,61.12287,-0.4,0.0,1362.5636
1989-11-01,0.2,353.68,55.837288,-0.3,0.0054,1362.394
1989-12-01,0.37,353.84,59.084072,-0.13,0.00545,1362.4291
1990-01-01,0.41,353.78,58.487,0.02,0.0,1362.4414
1990-02-01,0.43,354.37,52.852646,0.36,0.00665,1362.2257
1990-03-01,0.8,354.27,54.087578,0.2,0.0062,1362.2379
1990-04-01,0.56,353.76,57.826996,0.26,0.0,1362.4851
1990-05-01,0.45,354.23,61.571514,0.32,0.0044,1362.1062
1990-06-01,0.37,354.02,65.01084,0.0,0.0052,1362.3877
1990-07-01,0.45,354.24,75.37495,0.15,0.0,1362.0226
1990-08-01,0.34,354.68,70.7541,0.17,0.007350000000000001,1361.6699
1990-09-01,0.23,354.69,66.09593,0.12,0.0068,1362.4089
1990-10-01,0.44,354.94,62.427464,0.13,0.0,1362.1974
1990-11-01,0.46,355.18,55.670822,0.08,0.0058,1361.3508
1990-12-01,0.4,355.26,57.97898,0.32,0.006,1361.921
1991-01-01,0.42,354.9,61.551056,0.51,0.0,1361.5348
1991-02-01,0.49,355.11,51.209335,0.32,0.00585,1361.8354
1991-03-01,0.35,355.79,58.114532,0.1,0.0055,1361.9319
1991-04-01,0.51,356.13,53.10165,0.21,0.0,1362.6871
1991-05-01,0.34,356.1,58.934288,0.44,0.0053,1361.9824
1991-06-01,0.53,355.88,66.604965,0.65,0.0116,1361.9777
1991-07-01,0.47,355.69,72.963135,0.62,0.0,1362.23
1991-08-01,0.39,355.59,70.39931,0.43,0.054349999999999996,1362.193
1991-09-01,0.44,355.66,59.379566,0.22,0.0964,1362.5004
1991-10-01,0.29,355.69,57.018246,0.91,0.0,1361.6536
1991-11-01,0.29,355.87,52.950775,1.14,0.1197,1362.221
1991-12-01,0.32,356.02,56.551315,1.62,0.13825,1361.4285
1992-01-01,0.47,356.29,53.178844,1.61,0.0,1362.0728
1992-02-01,0.4,356.47,52.71348,1.62,0.14884999999999998,1361.9536
1992-03-01,0.48,356.38,52.44828,1.5,0.1428,1362.3589
1992-04-01,0.27,356.51,52.005985,1.41,0.0,1362.2018
1992-05-01,0.31,356.52,54.046013,1.27,0.1386,1362.0342
1992-06-01,0.25,357.07,60.69637,0.53,0.13219999999999998,1361.9097
1992-07-01,0.08,356.58,70.548584,0.27,0.0,1361.6243
1992-08-01,0.08,356.67,71.820305,-0.15,0.11845,1361.6045
1992-09-01,-0.01,356.36,64.037384,-0.14,0.1044,1361.7617
1992-10-01,0.06,356.72,57.39512,-0.35,0.0,1361.4755
1992-11-01,0.03,356.48,56.875374,-0.14,0.0978,1361.7032
1992-12-01,0.22,356.5,57.348827,0.04,0.08555,1361.882
1993-01-01,0.34,357.06,58.114517,0.28,0.0,1361.9104
1993-02-01,0.37,356.54,53.93337,0.42,0.07020000000000001,1361.4453
1993-03-01,0.36,356.88,53.162457,0.47,0.0608,1361.8
1993-04-01,0.27,356.71,51.409824,0.92,0.0,1361.7788
1993-05-01,0.28,357.14,58.215294,0.93,0.0559,1361.7452
1993-06-01,0.23,357.24,66.08518,0.64,0.05035,1361.7415
1993-07-01,0.25,356.87,74.77604,0.33,0.0,1361.6942
1993-08-01,0.11,357.44,71.25329,0.16,0.0435,1361.653
1993-09-01,0.11,357.51,64.48107,0.26,0.0394,1361.4954
1993-10-01,0.23,357.61,57.32124,0.36,0.0,1361.296
1993-11-01,0.03,357.65,55.48464,0.28,0.0376,1361.331
1993-12-01,0.18,357.92,56.658634,0.19,0.033100000000000004,1361.461
1994-01-01,0.26,358.25,57.049385,0.03,0.0,1361.2896
1994-02-01,0.02,358.21,51.371357,-0.16,0.0275,1361.5887
1994-03-01,0.29,358.41,56.89864,-0.06,0.0238,1361.6433
1994-04-01,0.41,358.59,51.19208,0.03,0.0,1361.4783
1994-05-01,0.28,358.59,58.46554,0.14,0.0218,1361.386
1994-06-01,0.43,358.57,66.41248,0.27,0.0195,1361.378
1994-07-01,0.3,358.91,72.41408,0.16,0.0,1361.3567
1994-08-01,0.21,359.29,72.83557,0.52,0.017599999999999998,1361.3743
1994-09-01,0.31,359.31,64.275894,0.4,0.0161,1361.2416
1994-10-01,0.42,359.63,58.057625,0.9,0.0,1361.2976
1994-11-01,0.44,359.8,56.441288,1.14,0.0166,1361.4373
1994-12-01,0.39,359.96,54.40447,1.21,0.01595,1361.2954
1995-01-01,0.52,359.91,56.457584,1.1,0.0,1361.4304
1995-02-01,0.79,360.18,52.75738,0.87,0.01185,1361.4099
1995-03-01,0.46,360.37,58.237396,0.49,0.0109,1361.3363
1995-04-01,0.46,360.76,52.203117,0.27,0.0,1361.2808
1995-05-01,0.27,360.73,58.894646,0.03,0.01,1361.2805
1995-06-01,0.43,360.98,64.1861,0.08,0.009649999999999999,1361.3293
1995-07-01,0.45,361.1,75.452736,0.03,0.0,1361.3048
1995-08-01,0.45,360.93,74.80498,-0.38,0.009049999999999999,1361.3181
1995-09-01,0.33,361.7,65.09611,-0.57,0.0085,1361.3
1995-10-01,0.47,361.52,59.828354,-0.72,0.0,1361.2302
1995-11-01,0.44,361.75,57.55134,-0.78,0.0088,1361.2811
1995-12-01,0.26,361.67,56.405895,-0.72,0.008150000000000001,1361.241
1996-01-01,0.24,361.98,59.626972,-0.65,0.0,1361.2712
1996-02-01,0.45,362.47,56.432953,-0.66,0.0073,1361.228
1996-03-01,0.32,362.64,58.890934,-0.48,0.0068,1361.1904
1996-04-01,0.33,361.99,53.539284,-0.34,0.0,1361.2086
1996-05-01,0.27,362.23,56.595474,-0.4,0.0063,1361.2434
1996-06-01,0.25,362.82,65.490105,-0.12,0.00635,1361.2332
1996-07-01,0.36,362.98,74.654335,-0.14,0.0,1361.2281
1996-08-01,0.48,363.13,73.496506,-0.3,0.0063999999999999994,1361.2538
1996-09-01,0.25,363.14,67.41656,-0.34,0.0059,1361.2888
1996-10-01,0.24,363.12,60.839725,-0.28,0.0,1361.2366
1996-11-01,0.38,363.18,57.86247,-0.3,0.0064,1361.1157
1996-12-01,0.37,363.23,57.240147,-0.43,0.00625,1361.3204
1997-01-01,0.33,363.03,61.197403,-0.43,0.0,1361.2993
1997-02-01,0.4,363.4,54.3294,-0.24,0.00585,1361.2887
1997-03-01,0.52,363.02,55.835533,-0.06,0.0053,1361.3068
1997-04-01,0.33,363.82,53.895313,0.34,0.0,1361.3026
1997-05-01,0.34,363.87,55.47259,0.87,0.0052,1361.3402
1997-06-01,0.54,363.56,61.90967,1.15,0.0052499999999999995,1361.3289
1997-07-01,0.34,363.74,72.692696,1.6,0.0,1361.332
1997-08-01,0.41,363.98,69.645355,1.94,0.00525,1361.3864
1997-09-01,0.51,363.83,60.263565,2.1,0.0053,1361.2416
1997-10-01,0.61,364.28,58.637413,2.29,0.0,1361.5432
1997-11-01,0.64,364.71,55.733444,2.42,0.0051,1361.4308
1997-12-01,0.59,365.28,58.612385,2.3,0.0045000000000000005,1361.4747
1998-01-01,0.57,365.19,57.258373,2.42,0.0,1361.5787
1998-02-01,0.88,365.29,51.781742,2.08,0.00385,1361.5168
1998-03-01,0.63,365.73,54.41859,1.49,0.0034,1361.4003
1998-04-01,0.63,366.17,54.880768,0.9,0.0,1361.6934
1998-05-01,0.68,366.68,56.750313,0.68,0.0031,1361.6041
1998-06-01,0.77,366.95,67.3506,-0.39,0.0028,1361.6506
1998-07-01,0.66,367.29,77.1041,-0.73,0.0,1361.8511
1998-08-01,0.65,367.69,78.15409,-0.83,0.00245,1361.6605
1998-09-01,0.41,367.51,69.08745,-0.82,0.0023,1361.6462
1998-10-01,0.41,367.82,68.08728,-1.19,0.0,1361.9623
1998-11-01,0.43,367.7,55.843468,-1.23,0.0022,1361.8809
1998-12-01,0.54,368.05,57.046303,-1.51,0.0022,1361.9692
1999-01-01,0.48,368.13,61.903778,-1.53,0.0,1362.1042
1999-02-01,0.64,368.46,54.535194,-1.41,0.0022,1361.8348
1999-03-01,0.32,368.24,58.851387,-0.92,0.0021,1361.9711
1999-04-01,0.32,368.62,54.561417,-0.81,0.0,1361.8689
1999-05-01,0.26,368.31,59.681534,-0.87,0.0021,1361.9812
1999-06-01,0.36,368.29,65.877945,-0.95,0.0021,1361.9734
1999-07-01,0.38,368.93,74.76124,-0.84,0.0,1362.0599
1999-08-01,0.31,368.63,76.831894,-0.98,0.0021,1362.0675
1999-09-01,0.38,368.28,67.63614,-0.84,0.0021,1362.2136
1999-10-01,0.34,368.8,64.915764,-1.03,0.0,1361.7329
1999-11-01,0.37,368.86,57.66565,-1.41,0.0021,1361.9132
1999-12-01,0.4,368.93,59.859077,-1.54,0.0021,1361.9463
2000-01-01,0.24,369.24,59.39306,-1.79,0.0,1362.3506
2000-02-01,0.56,368.99,57.693306,-1.53,0.0021,1362.1687
2000-03-01,0.55,369.24,60.27805,-1.26,0.0021,1361.9939
2000-04-01,0.56,369.44,57.480453,-0.8,0.0,1362.2375
2000-05-01,0.36,368.87,60.13744,-0.8,0.0021,1361.9108
2000-06-01,0.4,369.66,69.48476,-0.75,0.0021,1362.0281
2000-07-01,0.39,369.36,75.00684,-0.57,0.0,1362.1401
2000-08-01,0.42,369.87,72.896965,-0.36,0.0021,1362.5767
2000-09-01,0.38,370.46,65.305725,-0.39,0.0021,1361.984
2000-10-01,0.26,370.42,63.067905,-0.55,0.0,1362.6084
2000-11-01,0.3,370.48,59.303795,-0.75,0.0021,1362.4606
2000-12-01,0.28,370.46,58.620884,-0.92,0.0021,1362.5686
2001-01-01,0.45,370.6,58.097046,-0.88,0.0,1362.2892
2001-02-01,0.44,370.95,53.872505,-0.63,0.0021,1362.3119
2001-03-01,0.55,371.06,60.48982,-0.48,0.0021,1361.8824
2001-04-01,0.5,370.99,52.505264,-0.3,0.0,1361.8597
2001-05-01,0.57,371.11,58.30009,-0.3,0.0021,1362.0925
2001-06-01,0.52,371.18,68.034676,-0.11,0.0021,1362.0206
2001-07-01,0.59,371.08,72.54783,0.01,0.0,1362.217
2001-08-01,0.49,371.39,68.76873,-0.07,0.0021,1361.9353
2001-09-01,0.51,371.61,63.450974,-0.28,0.0021,1361.7737
2001-10-01,0.5,371.85,61.24484,-0.26,0.0,1362.2314
2001-11-01,0.72,371.92,58.102222,-0.28,0.0021,1361.9543
2001-12-01,0.55,372.09,57.468372,-0.46,0.00215,1362.4086
2002-01-01,0.77,372.48,56.579044,-0.14,0.0,1362.8835
2002-02-01,0.78,372.49,52.7009,0.0,0.0021,1362.8602
2002-03-01,0.88,372.61,56.667885,0.11,0.002,1362.5936
2002-04-01,0.58,372.54,54.31721,0.14,0.0,1362.1416
2002-05-01,0.64,372.98,58.761913,0.21,0.002,1362.1659
2002-06-01,0.53,373.46,64.539925,0.68,0.0019,1362.1512
2002-07-01,0.61,373.58,70.09244,0.57,0.0,1361.629
2002-08-01,0.53,373.7,71.22613,0.7,0.00185,1361.7991
2002-09-01,0.63,374.29,63.33961,0.82,0.0022,1361.9845
2002-10-01,0.54,374.06,59.50484,1.16,0.0,1361.9357
2002-11-01,0.59,374.52,53.123386,1.41,0.0022,1361.8413
2002-12-01,0.44,374.72,57.080746,1.41,0.0024999999999999996,1362.3444
2003-01-01,0.74,374.82,56.315365,0.98,0.0,1362.2438
2003-02-01,0.58,374.95,52.714153,0.64,0.0028,1362.1492
2003-03-01,0.6,374.99,56.241604,0.48,0.0026,1361.6288
2003-04-01,0.55,375.24,52.057934,-0.03,0.0,1361.6735
2003-05-01,0.6,375.73,56.46343,-0.52,0.0026,1361.6788
2003-06-01,0.48,376.22,66.27957,-0.19,0.0025,1361.5311
2003-07-01,0.58,376.37,72.65765,0.14,0.0,1361.6709
2003-08-01,0.65,376.27,73.077385,0.05,0.0027,1361.7899
2003-09-01,0.62,376.65,65.03653,0.15,0.0029,1361.8505
2003-10-01,0.72,376.65,61.271397,0.46,0.0,1360.7906
2003-11-01,0.53,376.99,53.079693,0.39,0.0028,1361.5948
2003-12-01,0.75,376.93,58.426994,0.32,0.00275,1361.7275
2004-01-01,0.58,376.96,59.473034,0.26,0.0,1361.5123
2004-02-01,0.72,377.19,55.600285,0.17,0.00245,1361.5675
2004-03-01,0.63,377.4,55.754333,-0.1,0.0024,1361.5515
2004-04-01,0.61,377.8,54.29307,0.06,0.0,1361.6261
2004-05-01,0.37,377.66,60.867588,0.1,0.0024,1361.4795
2004-06-01,0.44,377.57,64.00085,0.14,0.0022,1361.506
2004-07-01,0.26,377.12,74.24994,0.41,0.0,1361.1465
2004-08-01,0.45,377.9,69.1031,0.66,0.0024000000000000002,1361.2194
2004-09-01,0.5,377.8,66.03824,0.67,0.0025,1361.4816
2004-10-01,0.61,377.99,59.671402,0.73,0.0,1361.5154
2004-11-01,0.72,378.49,57.106674,0.62,0.0025,1361.4349
2004-12-01,0.5,378.48,58.47198,0.71,0.0026,1361.6178
2005-01-01,0.74,378.37,58.43203,0.56,0.0,1361.1162
2005-02-01,0.6,379.1,47.034214,0.26,0.003,1361.3435
2005-03-01,0.74,379.45,57.76644,0.28,0.0034,1361.313
2005-04-01,0.67,379.84,52.141064,0.28,0.0,1361.2676
2005-05-01,0.63,379.49,58.834106,0.3,0.0035,1361.2483
2005-06-01,0.64,380.07,66.97456,0.22,0.0033499999999999997,1361.2291
2005-07-01,0.61,380.38,74.95919,-0.01,0.0,1361.2877
2005-08-01,0.6,380.61,72.86904,-0.04,0.00345,1361.3584
2005-09-01,0.71,380.2,64.06966,-0.08,0.0037,1361.1774
2005-10-01,0.75,380.5,62.435226,-0.15,0.0,1361.3395
2005-11-01,0.73,380.69,55.8264,-0.44,0.0037,1361.1814
2005-12-01,0.68,381.09,60.293392,-0.75,0.00365,1361.2891
2006-01-01,0.56,381.33,62.810234,-0.98,0.0,1361.3391
2006-02-01,0.73,381.58,54.089737,-0.71,0.0033499999999999997,1361.3048
2006-03-01,0.63,381.32,61.251125,-0.73,0.0032,1361.2397
2006-04-01,0.47,382.11,57.708954,-0.3,0.0,1361.262
2006-05-01,0.48,382.06,58.62202,-0.11,0.0032,1361.4227
2006-06-01,0.66,381.93,65.444885,0.09,0.00315,1361.2767
2006-07-01,0.54,382.1,73.88506,0.03,0.0,1361.2229
2006-08-01,0.7,382.27,71.304115,0.37,0.00395,1361.0892
2006-09-01,0.65,382.35,64.32563,0.63,0.0043,1361.262
2006-10-01,0.7,382.66,61.591805,0.76,0.0,1361.28
2006-11-01,0.74,382.52,57.696968,0.98,0.0044,1361.0597
2006-12-01,0.79,382.84,61.70315,1.1,0.00515,1361.0748
2007-01-01,1.02,382.88,60.70323,0.59,0.0,1361.09
2007-02-01,0.7,383.22,51.011433,0.12,0.00525,1361.1149
2007-03-01,0.71,383.17,58.661606,-0.15,0.0045,1361.1953
2007-04-01,0.76,383.95,54.04213,-0.16,0.0,1361.1434
2007-05-01,0.68,383.56,59.467976,-0.39,0.0045,1361.1669
2007-06-01,0.61,384.06,67.102936,-0.16,0.00405,1361.2335
2007-07-01,0.59,384.25,75.9711,-0.37,0.0,1361.1835
2007-08-01,0.6,383.95,76.57874,-0.57,0.00405,1361.2196
2007-09-01,0.59,384.56,67.01799,-1.04,0.0042,1361.1638
2007-10-01,0.58,384.72,62.55206,-1.4,0.0,1361.163
2007-11-01,0.59,384.9,55.919003,-1.58,0.0041,1361.1566
2007-12-01,0.5,385.07,60.435177,-1.61,0.0040999999999999995,1361.188
2008-01-01,0.3,385.54,63.247913,-1.79,0.0,1361.2716
2008-02-01,0.38,385.2,57.969788,-1.7,0.0037,1361.2172
2008-03-01,0.75,384.72,59.856834,-1.17,0.0034,1361.1671
2008-04-01,0.54,384.71,52.08162,-0.89,0.0,1361.2498
2008-05-01,0.5,385.69,56.918026,-0.64,0.0033,1361.2313
2008-06-01,0.49,385.68,67.660675,-0.44,0.0031,1361.1765
2008-07-01,0.6,386.05,78.39524,-0.04,0.0,1361.1759
2008-08-01,0.46,385.98,76.497345,-0.04,0.00345,1361.1876
2008-09-01,0.61,386.69,67.298225,-0.28,0.0043,1361.1763
2008-10-01,0.67,386.5,63.463253,-0.3,0.0,1361.1957
2008-11-01,0.68,386.58,59.0893,-0.37,0.0046,1361.1726
2008-12-01,0.54,386.64,60.50066,-0.9,0.004699999999999999,1361.1406
2009-01-01,0.65,386.86,60.411552,-1.0,0.0,1361.143
2009-02-01,0.52,386.81,55.49386,-0.71,0.00405,1361.1578
2009-03-01,0.53,387.54,57.96093,-0.72,0.004,1361.1624
2009-04-01,0.61,387.15,55.2911,-0.25,0.0,1361.1606
2009-05-01,0.65,387.24,56.557907,0.17,0.0038,1361.2239
2009-06-01,0.64,387.46,60.97785,0.49,0.0036,1361.2194
2009-07-01,0.74,387.77,73.866035,0.69,0.0,1361.1716
2009-08-01,0.69,387.99,70.78836,0.62,0.0056500000000000005,1361.1616
2009-09-01,0.71,388.22,61.146767,0.68,0.0062,1361.1797
2009-10-01,0.66,387.88,60.353153,0.96,0.0,1361.2013
2009-11-01,0.79,388.36,55.78,1.49,0.0056,1361.2705
2009-12-01,0.67,388.43,59.522728,1.81,0.0049499999999999995,1361.2396
2010-01-01,0.75,388.62,58.650528,1.43,0.0,1361.2754
2010-02-01,0.83,389.47,52.263916,1.18,0.0039000000000000003,1361.3927
2010-03-01,0.92,389.85,54.43164,1.07,0.0033,1361.3057
2010-04-01,0.85,390.12,53.945232,0.56,0.0,1361.3822
2010-05-01,0.75,390.09,60.59997,-0.15,0.0034,1361.3627
2010-06-01,0.68,390.1,66.04379,-0.62,0.0032,1361.3256
2010-07-01,0.63,389.93,80.19026,-0.89,0.0,1361.4047
2010-08-01,0.67,390.21,78.62405,-1.33,0.0034000000000000002,1361.3546
2010-09-01,0.63,390.32,71.82279,-1.56,0.0035,1361.3553
2010-10-01,0.71,390.72,62.536537,-1.65,0.0,1361.2633
2010-11-01,0.81,390.99,60.60723,-1.57,0.0034,1361.3619
2010-12-01,0.45,390.8,63.01827,-1.63,0.0040999999999999995,1361.2983
2011-01-01,0.52,391.19,62.34223,-1.7,0.0,1361.3356
2011-02-01,0.48,391.12,60.99544,-1.26,0.00425,1361.3511
2011-03-01,0.65,391.27,64.02604,-0.98,0.0037,1361.3741
2011-04-01,0.64,390.83,56.1602,-0.74,0.0,1361.7372
2011-05-01,0.53,391.24,59.222523,-0.53,0.0035,1361.7183
2011-06-01,0.62,391.64,66.07193,-0.25,0.0034,1361.7072
2011-07-01,0.7,392.24,73.80327,-0.23,0.0,1361.5732
2011-08-01,0.75,392.04,73.64994,-0.66,0.006,1361.4954
2011-09-01,0.56,392.6,67.718285,-0.76,0.0067,1361.4998
2011-10-01,0.65,392.53,63.07694,-0.93,0.0,1361.6578
2011-11-01,0.58,392.64,59.057034,-1.09,0.0064,1361.8337
2011-12-01,0.59,392.86,58.146152,-1.05,0.00575,1361.9802
2012-01-01,0.47,393.07,61.335625,-0.93,0.0,1361.8209
2012-02-01,0.49,393.2,53.646683,-0.61,0.004399999999999999,1361.795
2012-03-01,0.56,392.99,59.42904,-0.48,0.0038,1361.6506
2012-04-01,0.72,393.65,56.604034,-0.29,0.0,1361.7693
2012-05-01,0.78,393.72,65.06309,-0.18,0.0038,1361.6517
2012-06-01,0.64,393.63,66.5939,0.14,0.00345,1361.7397
2012-07-01,0.58,394.12,76.269745,0.44,0.0,1361.4606
2012-08-01,0.66,394.37,74.11549,0.66,0.0034,1361.8741
2012-09-01,0.72,394.75,67.846725,0.44,0.0035,1362.0159
2012-10-01,0.79,394.64,60.833378,0.23,0.0,1361.7957
2012-11-01,0.78,395.25,55.834206,0.33,0.0,1361.8445
2012-12-01,0.53,395.27,58.71184,-0.13,0.0,1361.8113
2013-01-01,0.7,395.62,57.74648,-0.42,0.0,1361.6747
2013-02-01,0.62,396.23,51.725437,-0.4,0.0,1361.69
2013-03-01,0.67,396.07,56.526817,-0.14,0.0,1361.8337
2013-04-01,0.53,395.79,54.22876,-0.08,0.0,1361.7037
2013-05-01,0.6,396.64,63.095734,-0.28,0.0,1361.9454
2013-06-01,0.69,396.48,67.26832,-0.33,0.0,1361.8801
2013-07-01,0.59,397.12,78.11578,-0.28,0.0,1361.9081
2013-08-01,0.7,397.27,75.051155,-0.29,0.0,1361.9625
2013-09-01,0.76,397.24,69.058266,-0.09,0.0,1361.8994
2013-10-01,0.69,397.25,60.844097,-0.24,0.0,1361.6393
2013-11-01,0.83,397.35,61.230396,-0.02,0.0,1361.6637
2013-12-01,0.7,397.78,65.788055,-0.09,0.0,1361.9404
